Workbook

Sheet Property Types
A1: Main Type | B1: Subtype | C1: Slug | D1: Crexi Verified | E1: Crexi URL | F1: Notes
A2: Retail | B2: Retail (All) | C2: retail | D2: Yes | E2: https://www.crexi.com/properties/Retail | F2: Top-level Crexi category
A3: Retail | B3: Shopping Center | C3: shopping-centers | D3: Yes | E3: https://www.crexi.com/properties/Shopping-Centers | F3: Generic shopping center
A4: Retail | B4: Neighborhood Center | C4: neighborhood-center | D4: No | F4: Under shopping centers
A5: Retail | B5: Community Center | C5: community-center | D5: No | F5: Under shopping centers
A6: Retail | B6: Power Center | C6: power-center | D6: No | F6: Big-box anchored
A7: Retail | B7: Regional / Super-Regional Mall | C7: regional-mall | D7: No
A8: Retail | B8: Lifestyle Center | C8: lifestyle-center | D8: No
A9: Retail | B9: Outlet Center | C9: outlet-center | D9: No
A10: Retail | B10: Strip Center / Strip Mall | C10: strip-center | D10: No
A11: Retail | B11: Freestanding / Single-Tenant | C11: freestanding-retail | D11: No | F11: Often NNN
A12: Retail | B12: Restaurant / QSR | C12: restaurant | D12: No | F12: Quick-service restaurant
A13: Retail | B13: Bank | C13: bank | D13: No
A14: Retail | B14: Auto Dealership | C14: auto-dealership | D14: No
A15: Retail | B15: Convenience Store / C-Store | C15: convenience-store | D15: No
A16: Retail | B16: Pharmacy / Drugstore | C16: pharmacy | D16: No
A17: Retail | B17: Big Box / Anchor | C17: big-box | D17: No
A18: Retail | B18: Pad Site / Outparcel | C18: pad-site | D18: No
A19: Retail | B19: High Street / Storefront | C19: storefront | D19: No
A20: Office | B20: Office (All) | C20: office | D20: Yes | E20: https://www.crexi.com/properties/Office | F20: Top-level Crexi category
A21: Office | B21: Traditional Office Class A | C21: office-class-a | D21: No
A22: Office | B22: Traditional Office Class B | C22: office-class-b | D22: No
A23: Office | B23: Traditional Office Class C | C23: office-class-c | D23: No
A24: Office | B24: Medical Office Building (MOB) | C24: medical-office | D24: No
A25: Office | B25: Creative Office / Loft | C25: creative-office | D25: No
A26: Office | B26: Executive Suites / Coworking | C26: coworking | D26: No
A27: Office | B27: Professional / Dental | C27: professional-office | D27: No
A28: Office | B28: Office Condo | C28: office-condo | D28: No
A29: Office | B29: Government Office | C29: government-office | D29: No
A30: Office | B30: Office Campus | C30: office-campus | D30: No
A31: Industrial | B31: Industrial (All) | C31: industrial | D31: Yes | E31: https://www.crexi.com/properties/Industrial | F31: Top-level Crexi category
A32: Industrial | B32: Warehouse | C32: warehouses | D32: Yes | E32: https://www.crexi.com/properties/Warehouses | F32: Verified Crexi slug
A33: Industrial | B33: Distribution Center | C33: distribution-center | D33: No
A34: Industrial | B34: Manufacturing | C34: manufacturing | D34: No
A35: Industrial | B35: Flex / R&D | C35: industrial-flex | D35: Yes | E35: https://www.crexi.com/properties/Industrial-Flex | F35: Verified Crexi slug
A36: Industrial | B36: Light Industrial | C36: light-industrial | D36: No
A37: Industrial | B37: Heavy Industrial | C37: heavy-industrial | D37: No
A38: Industrial | B38: Refrigerated / Cold Storage | C38: refrigerated-and-cold-storage | D38: Yes | E38: https://www.crexi.com/properties/Refrigerated-and-Cold-Storage | F38: Verified Crexi slug
A39: Industrial | B39: Truck Terminal / Transportation | C39: truck-terminal | D39: No
A40: Industrial | B40: Data Center | C40: data-center | D40: No
A41: Industrial | B41: Industrial Outdoor Storage (IOS) | C41: ios | D41: No | F41: Growing asset class
A42: Multifamily | B42: Multifamily (All) | C42: multifamily | D42: Yes | E42: https://www.crexi.com/properties/Multifamily | F42: Top-level Crexi category
A43: Multifamily | B43: Garden-Style (1-3 stories) | C43: garden-apartments | D43: No
A44: Multifamily | B44: Mid-Rise (4-9 stories) | C44: mid-rise-apartments | D44: No
A45: Multifamily | B45: High-Rise (10+ stories) | C45: high-rise-apartments | D45: No
A46: Multifamily | B46: Low-Rise / Walk-Up | C46: walk-up-apartments | D46: No
A47: Multifamily | B47: Duplex / Triplex / Fourplex | C47: small-multifamily | D47: No | F47: 2-4 units
A48: Multifamily | B48: Apartment Complex (5+ units) | C48: apartment-complex | D48: No
A49: Multifamily | B49: Student Housing | C49: student-housing | D49: Yes | E49: https://www.crexi.com/properties/Student-Housing | F49: Verified Crexi slug
A50: Multifamily | B50: Affordable / LIHTC Housing | C50: affordable-housing | D50: No
A51: Multifamily | B51: Military Housing | C51: military-housing | D51: No
A52: Multifamily | B52: Condominium Building | C52: condo-building | D52: No
A53: Multifamily | B53: Co-op Building | C53: coop-building | D53: No
A54: Multifamily | B54: Mixed-Use Multifamily | C54: mixed-use-multifamily | D54: No | F54: Apartments over retail
A55: Hospitality | B55: Hospitality (All) | C55: hospitality | D55: Yes | E55: https://www.crexi.com/properties/Hospitality | F55: Top-level Crexi category
A56: Hospitality | B56: Full-Service Hotel | C56: full-service-hotel | D56: No
A57: Hospitality | B57: Limited-Service Hotel | C57: limited-service-hotel | D57: No
A58: Hospitality | B58: Select-Service Hotel | C58: select-service-hotel | D58: No
A59: Hospitality | B59: Boutique Hotel | C59: boutique-hotel | D59: No
A60: Hospitality | B60: Extended-Stay Hotel | C60: extended-stay-hotel | D60: No
A61: Hospitality | B61: Resort | C61: resort | D61: No
A62: Hospitality | B62: Motel | C62: motel | D62: No
A63: Hospitality | B63: Bed & Breakfast / Inn | C63: bed-and-breakfast | D63: No
A64: Hospitality | B64: Casino / Gaming | C64: casino | D64: No
A65: Hospitality | B65: Hostel | C65: hostel | D65: No
A66: Land | B66: Land (All) | C66: land | D66: Yes | E66: https://www.crexi.com/properties/Land | F66: Top-level Crexi category
A67: Land | B67: Commercial Land | C67: commercial-land | D67: Yes | E67: https://www.crexi.com/properties/Commercial-Land | F67: Verified Crexi slug
A68: Land | B68: Residential Land / Development Parcel | C68: residential-land | D68: No
A69: Land | B69: Industrial Land | C69: industrial-land | D69: No
A70: Land | B70: Retail Pad / Outparcel | C70: retail-pad | D70: No
A71: Land | B71: Mixed-Use Development Land | C71: mixed-use-land | D71: No
A72: Land | B72: Agricultural Land | C72: agricultural-land | D72: Yes | E72: https://www.crexi.com/properties/Agricultural-Land | F72: Verified Crexi slug
A73: Land | B73: Ranch / Farm | C73: ranch-farm | D73: No
A74: Land | B74: Timberland | C74: timberland | D74: No
A75: Land | B75: Hunting / Recreational Land | C75: recreational-land | D75: No
A76: Land | B76: Waterfront / Coastal Land | C76: waterfront-land | D76: No
A77: Land | B77: Entitled Land | C77: entitled-land | D77: No
A78: Land | B78: Raw Land / Unentitled | C78: raw-land | D78: No
A79: Mixed Use | B79: Mixed Use (All) | C79: mixed-use | D79: Yes | E79: https://www.crexi.com/properties/Mixed-Use | F79: Top-level Crexi category
A80: Mixed Use | B80: Retail + Office | C80: retail-office-mixed | D80: No
A81: Mixed Use | B81: Retail + Residential | C81: retail-residential-mixed | D81: No
A82: Mixed Use | B82: Office + Residential | C82: office-residential-mixed | D82: No
A83: Mixed Use | B83: Live / Work | C83: live-work | D83: No
A84: Mixed Use | B84: Vertical Mixed-Use | C84: vertical-mixed-use | D84: No
A85: Special Purpose | B85: Special Purpose (All) | C85: special-purpose | D85: Yes | E85: https://www.crexi.com/properties/Special-Purpose | F85: Top-level Crexi category
A86: Special Purpose | B86: Car Wash | C86: car-washes | D86: Yes | E86: https://www.crexi.com/properties/Car-Washes | F86: Verified Crexi slug
A87: Special Purpose | B87: Gas Station | C87: gas-station | D87: Yes | E87: https://www.crexi.com/properties/Gas-Station | F87: Verified Crexi slug
A88: Special Purpose | B88: Church / Religious Facility | C88: religious-facility | D88: No
A89: Special Purpose | B89: School / Daycare / Childcare | C89: school-daycare | D89: No
A90: Special Purpose | B90: Auto Repair / Body Shop / Lube | C90: auto-service | D90: No
A91: Special Purpose | B91: Funeral Home / Cemetery | C91: funeral-home | D91: No
A92: Special Purpose | B92: Marina / Boat Storage | C92: marina | D92: No
A93: Special Purpose | B93: Parking Garage / Lot | C93: parking-garage | D93: No
A94: Special Purpose | B94: Fitness / Health Club / Gym | C94: fitness-center | D94: No
A95: Special Purpose | B95: Movie Theater / Cinema | C95: movie-theater | D95: No
A96: Special Purpose | B96: Golf Course / Country Club | C96: golf-course | D96: No
A97: Special Purpose | B97: Bowling Alley | C97: bowling-alley | D97: No
A98: Special Purpose | B98: Amusement / Entertainment | C98: amusement | D98: No
A99: Special Purpose | B99: Sports Facility / Arena | C99: sports-facility | D99: No
A100: Special Purpose | B100: RV Park / Campground | C100: rv-park | D100: No | F100: Sometimes under Mobile Home
...

Sheet Summary
A1: Main Type | B1: Subtype Count | C1: Crexi Verified Count
A2: Retail | B2: =COUNTIF('Property Types'!A:A,A2) | C2: =COUNTIFS('Property Types'!A:A,A2,'Property Types'!D:D,"Yes")
A3: Office | B3: =COUNTIF('Property Types'!A:A,A3) | C3: =COUNTIFS('Property Types'!A:A,A3,'Property Types'!D:D,"Yes")
A4: Industrial | B4: =COUNTIF('Property Types'!A:A,A4) | C4: =COUNTIFS('Property Types'!A:A,A4,'Property Types'!D:D,"Yes")
A5: Multifamily | B5: =COUNTIF('Property Types'!A:A,A5) | C5: =COUNTIFS('Property Types'!A:A,A5,'Property Types'!D:D,"Yes")
A6: Hospitality | B6: =COUNTIF('Property Types'!A:A,A6) | C6: =COUNTIFS('Property Types'!A:A,A6,'Property Types'!D:D,"Yes")
A7: Land | B7: =COUNTIF('Property Types'!A:A,A7) | C7: =COUNTIFS('Property Types'!A:A,A7,'Property Types'!D:D,"Yes")
A8: Mixed Use | B8: =COUNTIF('Property Types'!A:A,A8) | C8: =COUNTIFS('Property Types'!A:A,A8,'Property Types'!D:D,"Yes")
A9: Special Purpose | B9: =COUNTIF('Property Types'!A:A,A9) | C9: =COUNTIFS('Property Types'!A:A,A9,'Property Types'!D:D,"Yes")
A10: Self Storage | B10: =COUNTIF('Property Types'!A:A,A10) | C10: =COUNTIFS('Property Types'!A:A,A10,'Property Types'!D:D,"Yes")
A11: Manufactured Housing | B11: =COUNTIF('Property Types'!A:A,A11) | C11: =COUNTIFS('Property Types'!A:A,A11,'Property Types'!D:D,"Yes")
A12: Senior Living / Healthcare | B12: =COUNTIF('Property Types'!A:A,A12) | C12: =COUNTIFS('Property Types'!A:A,A12,'Property Types'!D:D,"Yes")
A13: Business for Sale | B13: =COUNTIF('Property Types'!A:A,A13) | C13: =COUNTIFS('Property Types'!A:A,A13,'Property Types'!D:D,"Yes")
A14: Note / Loan | B14: =COUNTIF('Property Types'!A:A,A14) | C14: =COUNTIFS('Property Types'!A:A,A14,'Property Types'!D:D,"Yes")
A15: TOTAL | B15: =SUM(B2:B14) | C15: =SUM(C2:C14)

Sheet Legend
A1: Column | B1: Description
A2: Main Type | B2: Crexi's top-level property category (Retail, Office, etc.)
A3: Subtype | B3: Specific sub-classification within the main type
A4: Slug | B4: URL-safe identifier suitable for code / routing
A5: Crexi Verified | B5: Yes = the slug was confirmed in a real Crexi URL during research
A6: Crexi URL | B6: Direct link to Crexi category page (verified slugs only)
A7: Notes | B7: Source commentary or cross-reference to other categories
A9: Legend
A10: Yes (green) | B10: Slug verified against a live Crexi URL
A11: No | B11: Standard industry subtype — Crexi may categorize these under the parent
